System1 name:   WCDMA SYSTEM MEASUREMENT,,,,,,,,,,,,,,Test plan path: C:\ANRITSU_20190624\Report\2021_12_03\W_MB_16_0_33_F.txt
 System,Band,Test Item,Ch,Cell Power,Lower,Upper,Unit,Result,Judgement,,,,,PLAN NAME:New Plan
 WCDMA,1,5.2 Max Output Power,9613,-93.0,20.3,25.7,dBm,24.77,PASS,,,,,PLAN START TIME:2021-12-03 15:55:35
 WCDMA,1,5.10 ACLR@-10MHz,9613,-93.0,None,-42.2,dB,-58.55,PASS,,,,,RF INSTRUMENT:MT8820C
 WCDMA,1,5.10 ACLR@-5MHz,9613,-93.0,None,-32.2,dB,-47.85,PASS,,,,,------------------------------------------
 WCDMA,1,5.10 ACLR@5MHz,9613,-93.0,None,-32.2,dB,-46.26,PASS,,,,,Cable Loss:Freq[MHz]In/Out[dB]
 WCDMA,1,5.10 ACLR@10MHz,9613,-93.0,None,-42.2,dB,-55.53,PASS,,,,,            	600		0.4/0.4/0.4
 WCDMA,1,5.2 Max Output Power,9750,-93.0,20.3,25.7,dBm,24.65,PASS,,,,,            	850		0.5/0.5/0.5
 WCDMA,1,5.10 ACLR@-10MHz,9750,-93.0,None,-42.2,dB,-58.58,PASS,,,,,            	960		0.6/0.6/0.6
 WCDMA,1,5.10 ACLR@-5MHz,9750,-93.0,None,-32.2,dB,-48.43,PASS,,,,,            	1450		0.7/0.7/0.7
 WCDMA,1,5.10 ACLR@5MHz,9750,-93.0,None,-32.2,dB,-48.33,PASS,,,,,            	1500		0.7/0.7/0.7
 WCDMA,1,5.10 ACLR@10MHz,9750,-93.0,None,-42.2,dB,-55.35,PASS,,,,,            	1700		0.8/0.8/0.8
 WCDMA,1,5.2 Max Output Power,9887,-93.0,20.3,25.7,dBm,24.82,PASS,,,,,            	1800		0.8/0.8/0.8
 WCDMA,1,5.10 ACLR@-10MHz,9887,-93.0,None,-42.2,dB,-58.96,PASS,,,,,            	1900		0.9/0.9/0.9
 WCDMA,1,5.10 ACLR@-5MHz,9887,-93.0,None,-32.2,dB,-48.14,PASS,,,,,            	2100		0.9/0.9/0.9
 WCDMA,1,5.10 ACLR@5MHz,9887,-93.0,None,-32.2,dB,-46.81,PASS,,,,,            	2200		1.0/1.0/1.0
 WCDMA,1,5.10 ACLR@10MHz,9887,-93.0,None,-42.2,dB,-55.39,PASS,,,,,            	2300		1.0/1.0/1.0
 WCDMA,2,5.2 Max Output Power,9263,-93.0,20.3,25.7,dBm,24.84,PASS,,,,,            	2700		1.0/1.0/1.0
 WCDMA,2,5.10 ACLR@-10MHz,9263,-93.0,None,-42.2,dB,-60.11,PASS,,,,, Antenna Configuration:	
 WCDMA,2,5.10 ACLR@-5MHz,9263,-93.0,None,-32.2,dB,-43.18,PASS,,,,, DUT IMEI:		NA
 WCDMA,2,5.10 ACLR@5MHz,9263,-93.0,None,-32.2,dB,-41.49,PASS,,,,, Total item count:	270
 WCDMA,2,5.10 ACLR@10MHz,9263,-93.0,None,-42.2,dB,-51.27,PASS,,,,, Pass item count:	268
 WCDMA,2,5.2 Max Output Power,9400,-93.0,20.3,25.7,dBm,24.80,PASS,,,,, Fail item count:	2
 WCDMA,2,5.10 ACLR@-10MHz,9400,-93.0,None,-42.2,dB,-57.48,PASS,,,,, INC item count:	0
 WCDMA,2,5.10 ACLR@-5MHz,9400,-93.0,None,-32.2,dB,-45.86,PASS,,,,,------------------------------------------
 WCDMA,2,5.10 ACLR@5MHz,9400,-93.0,None,-32.2,dB,-45.25,PASS,,,,,PLAN END TIME:2021-12-03 16:00:30
 WCDMA,2,5.10 ACLR@10MHz,9400,-93.0,None,-42.2,dB,-52.55,PASS,,,,,PLAN COST TIME:04 min 55 sec 
 WCDMA,2,5.2 Max Output Power,9537,-93.0,20.3,25.7,dBm,24.92,PASS,,,,,Auto Test Software Version: Ver : 1.6.00-190624-M190408 / Model: MT8820C; MT8820C Info.: 6201525724, 23.08S #001
 WCDMA,2,5.10 ACLR@-10MHz,9537,-93.0,None,-42.2,dB,-56.56,PASS,,,,,AFilter (1.0.0.8)
 WCDMA,2,5.10 ACLR@-5MHz,9537,-93.0,None,-32.2,dB,-44.02,PASS
 WCDMA,2,5.10 ACLR@5MHz,9537,-93.0,None,-32.2,dB,-42.60,PASS
 WCDMA,2,5.10 ACLR@10MHz,9537,-93.0,None,-42.2,dB,-53.53,PASS
 WCDMA,4,5.2 Max Output Power,1313,-93.0,20.3,25.7,dBm,24.92,PASS
 WCDMA,4,5.10 ACLR@-10MHz,1313,-93.0,None,-42.2,dB,-59.05,PASS
 WCDMA,4,5.10 ACLR@-5MHz,1313,-93.0,None,-32.2,dB,-42.84,PASS
 WCDMA,4,5.10 ACLR@5MHz,1313,-93.0,None,-32.2,dB,-43.22,PASS
 WCDMA,4,5.10 ACLR@10MHz,1313,-93.0,None,-42.2,dB,-52.94,PASS
 WCDMA,4,5.2 Max Output Power,1450,-93.0,20.3,25.7,dBm,24.84,PASS
 WCDMA,4,5.10 ACLR@-10MHz,1450,-93.0,None,-42.2,dB,-58.45,PASS
 WCDMA,4,5.10 ACLR@-5MHz,1450,-93.0,None,-32.2,dB,-45.24,PASS
 WCDMA,4,5.10 ACLR@5MHz,1450,-93.0,None,-32.2,dB,-45.22,PASS
 WCDMA,4,5.10 ACLR@10MHz,1450,-93.0,None,-42.2,dB,-52.76,PASS
 WCDMA,4,5.2 Max Output Power,1512,-93.0,20.3,25.7,dBm,24.78,PASS
 WCDMA,4,5.10 ACLR@-10MHz,1512,-93.0,None,-42.2,dB,-57.29,PASS
 WCDMA,4,5.10 ACLR@-5MHz,1512,-93.0,None,-32.2,dB,-43.18,PASS
 WCDMA,4,5.10 ACLR@5MHz,1512,-93.0,None,-32.2,dB,-41.42,PASS
 WCDMA,4,5.10 ACLR@10MHz,1512,-93.0,None,-42.2,dB,-53.14,PASS

System2 name:   HSDPA SYSTEM MEASUREMENT
 System,Band,Test Item,Ch,Cell Power,Lower,Upper,Unit,Result,Judgement
 HSDPA,1,5.2AA Max Output Power;Beta C/D=2/15,9613,-86.0,20.3,25.7,dBm,24.83,PASS
 HSDPA,1,5.10A ACLR@-10MHz;Beta C/D=2/15,9613,-86.0,None,-42.2,dBm,-59.36,PASS
 HSDPA,1,5.10A ACLR@-5MHz;Beta C/D=2/15,9613,-86.0,None,-32.2,dBm,-48.69,PASS
 HSDPA,1,5.10A ACLR@5MHz;Beta C/D=2/15,9613,-86.0,None,-32.2,dBm,-46.13,PASS
 HSDPA,1,5.10A ACLR@10MHz;Beta C/D=2/15,9613,-86.0,None,-42.2,dBm,-54.68,PASS
 HSDPA,1,5.2AA Max Output Power;Beta C/D=11/15,9613,-86.0,20.3,25.7,dBm,24.74,PASS
 HSDPA,1,5.10A ACLR@-10MHz;Beta C/D=11/15,9613,-86.0,None,-42.2,dBm,-59.29,PASS
 HSDPA,1,5.10A ACLR@-5MHz;Beta C/D=11/15,9613,-86.0,None,-32.2,dBm,-48.59,PASS
 HSDPA,1,5.10A ACLR@5MHz;Beta C/D=11/15,9613,-86.0,None,-32.2,dBm,-46.71,PASS
 HSDPA,1,5.10A ACLR@10MHz;Beta C/D=11/15,9613,-86.0,None,-42.2,dBm,-54.48,PASS
 HSDPA,1,5.2AA Max Output Power;Beta C/D=15/8,9613,-86.0,19.3,25.7,dBm,24.13,PASS
 HSDPA,1,5.10A ACLR@-10MHz;Beta C/D=15/8,9613,-86.0,None,-42.2,dBm,-57.84,PASS
 HSDPA,1,5.10A ACLR@-5MHz;Beta C/D=15/8,9613,-86.0,None,-32.2,dBm,-47.55,PASS
 HSDPA,1,5.10A ACLR@5MHz;Beta C/D=15/8,9613,-86.0,None,-32.2,dBm,-46.94,PASS
 HSDPA,1,5.10A ACLR@10MHz;Beta C/D=15/8,9613,-86.0,None,-42.2,dBm,-53.81,PASS
 HSDPA,1,5.2AA Max Output Power;Beta C/D=15/4,9613,-86.0,18.3,25.7,dBm,23.69,PASS
 HSDPA,1,5.10A ACLR@-10MHz;Beta C/D=15/4,9613,-86.0,None,-42.2,dBm,-57.45,PASS
 HSDPA,1,5.10A ACLR@-5MHz;Beta C/D=15/4,9613,-86.0,None,-32.2,dBm,-47.67,PASS
 HSDPA,1,5.10A ACLR@5MHz;Beta C/D=15/4,9613,-86.0,None,-32.2,dBm,-47.06,PASS
 HSDPA,1,5.10A ACLR@10MHz;Beta C/D=15/4,9613,-86.0,None,-42.2,dBm,-53.84,PASS
 HSDPA,1,5.2AA Max Output Power;Beta C/D=2/15,9750,-86.0,20.3,25.7,dBm,24.69,PASS
 HSDPA,1,5.10A ACLR@-10MHz;Beta C/D=2/15,9750,-86.0,None,-42.2,dBm,-59.04,PASS
 HSDPA,1,5.10A ACLR@-5MHz;Beta C/D=2/15,9750,-86.0,None,-32.2,dBm,-48.91,PASS
 HSDPA,1,5.10A ACLR@5MHz;Beta C/D=2/15,9750,-86.0,None,-32.2,dBm,-47.26,PASS
 HSDPA,1,5.10A ACLR@10MHz;Beta C/D=2/15,9750,-86.0,None,-42.2,dBm,-55.47,PASS
 HSDPA,1,5.2AA Max Output Power;Beta C/D=11/15,9750,-86.0,20.3,25.7,dBm,24.56,PASS
 HSDPA,1,5.10A ACLR@-10MHz;Beta C/D=11/15,9750,-86.0,None,-42.2,dBm,-58.80,PASS
 HSDPA,1,5.10A ACLR@-5MHz;Beta C/D=11/15,9750,-86.0,None,-32.2,dBm,-48.91,PASS
 HSDPA,1,5.10A ACLR@5MHz;Beta C/D=11/15,9750,-86.0,None,-32.2,dBm,-47.84,PASS
 HSDPA,1,5.10A ACLR@10MHz;Beta C/D=11/15,9750,-86.0,None,-42.2,dBm,-55.50,PASS
 HSDPA,1,5.2AA Max Output Power;Beta C/D=15/8,9750,-86.0,19.3,25.7,dBm,24.09,PASS
 HSDPA,1,5.10A ACLR@-10MHz;Beta C/D=15/8,9750,-86.0,None,-42.2,dBm,-57.37,PASS
 HSDPA,1,5.10A ACLR@-5MHz;Beta C/D=15/8,9750,-86.0,None,-32.2,dBm,-47.09,PASS
 HSDPA,1,5.10A ACLR@5MHz;Beta C/D=15/8,9750,-86.0,None,-32.2,dBm,-48.45,PASS
 HSDPA,1,5.10A ACLR@10MHz;Beta C/D=15/8,9750,-86.0,None,-42.2,dBm,-54.93,PASS
 HSDPA,1,5.2AA Max Output Power;Beta C/D=15/4,9750,-86.0,18.3,25.7,dBm,23.66,PASS
 HSDPA,1,5.10A ACLR@-10MHz;Beta C/D=15/4,9750,-86.0,None,-42.2,dBm,-56.87,PASS
 HSDPA,1,5.10A ACLR@-5MHz;Beta C/D=15/4,9750,-86.0,None,-32.2,dBm,-47.49,PASS
 HSDPA,1,5.10A ACLR@5MHz;Beta C/D=15/4,9750,-86.0,None,-32.2,dBm,-48.70,PASS
 HSDPA,1,5.10A ACLR@10MHz;Beta C/D=15/4,9750,-86.0,None,-42.2,dBm,-54.92,PASS
 HSDPA,1,5.2AA Max Output Power;Beta C/D=2/15,9887,-86.0,20.3,25.7,dBm,24.92,PASS
 HSDPA,1,5.10A ACLR@-10MHz;Beta C/D=2/15,9887,-86.0,None,-42.2,dBm,-59.13,PASS
 HSDPA,1,5.10A ACLR@-5MHz;Beta C/D=2/15,9887,-86.0,None,-32.2,dBm,-48.10,PASS
 HSDPA,1,5.10A ACLR@5MHz;Beta C/D=2/15,9887,-86.0,None,-32.2,dBm,-46.70,PASS
 HSDPA,1,5.10A ACLR@10MHz;Beta C/D=2/15,9887,-86.0,None,-42.2,dBm,-54.74,PASS
 HSDPA,1,5.2AA Max Output Power;Beta C/D=11/15,9887,-86.0,20.3,25.7,dBm,24.84,PASS
 HSDPA,1,5.10A ACLR@-10MHz;Beta C/D=11/15,9887,-86.0,None,-42.2,dBm,-59.52,PASS
 HSDPA,1,5.10A ACLR@-5MHz;Beta C/D=11/15,9887,-86.0,None,-32.2,dBm,-47.98,PASS
 HSDPA,1,5.10A ACLR@5MHz;Beta C/D=11/15,9887,-86.0,None,-32.2,dBm,-47.32,PASS
 HSDPA,1,5.10A ACLR@10MHz;Beta C/D=11/15,9887,-86.0,None,-42.2,dBm,-54.58,PASS
 HSDPA,1,5.2AA Max Output Power;Beta C/D=15/8,9887,-86.0,19.3,25.7,dBm,24.36,PASS
 HSDPA,1,5.10A ACLR@-10MHz;Beta C/D=15/8,9887,-86.0,None,-42.2,dBm,-58.32,PASS
 HSDPA,1,5.10A ACLR@-5MHz;Beta C/D=15/8,9887,-86.0,None,-32.2,dBm,-47.49,PASS
 HSDPA,1,5.10A ACLR@5MHz;Beta C/D=15/8,9887,-86.0,None,-32.2,dBm,-48.16,PASS
 HSDPA,1,5.10A ACLR@10MHz;Beta C/D=15/8,9887,-86.0,None,-42.2,dBm,-53.90,PASS
 HSDPA,1,5.2AA Max Output Power;Beta C/D=15/4,9887,-86.0,18.3,25.7,dBm,23.86,PASS
 HSDPA,1,5.10A ACLR@-10MHz;Beta C/D=15/4,9887,-86.0,None,-42.2,dBm,-58.05,PASS
 HSDPA,1,5.10A ACLR@-5MHz;Beta C/D=15/4,9887,-86.0,None,-32.2,dBm,-47.86,PASS
 HSDPA,1,5.10A ACLR@5MHz;Beta C/D=15/4,9887,-86.0,None,-32.2,dBm,-48.09,PASS
 HSDPA,1,5.10A ACLR@10MHz;Beta C/D=15/4,9887,-86.0,None,-42.2,dBm,-53.42,PASS
 HSDPA,2,5.2AA Max Output Power;Beta C/D=2/15,9263,-86.0,20.3,25.7,dBm,25.10,PASS
 HSDPA,2,5.10A ACLR@-10MHz;Beta C/D=2/15,9263,-86.0,None,-42.2,dBm,-59.07,PASS
 HSDPA,2,5.10A ACLR@-5MHz;Beta C/D=2/15,9263,-86.0,None,-32.2,dBm,-41.85,PASS
 HSDPA,2,5.10A ACLR@5MHz;Beta C/D=2/15,9263,-86.0,None,-32.2,dBm,-41.91,PASS
 HSDPA,2,5.10A ACLR@10MHz;Beta C/D=2/15,9263,-86.0,None,-42.2,dBm,-50.46,PASS
 HSDPA,2,5.2AA Max Output Power;Beta C/D=11/15,9263,-86.0,20.3,25.7,dBm,24.97,PASS
 HSDPA,2,5.10A ACLR@-10MHz;Beta C/D=11/15,9263,-86.0,None,-42.2,dBm,-59.03,PASS
 HSDPA,2,5.10A ACLR@-5MHz;Beta C/D=11/15,9263,-86.0,None,-32.2,dBm,-42.11,PASS
 HSDPA,2,5.10A ACLR@5MHz;Beta C/D=11/15,9263,-86.0,None,-32.2,dBm,-42.48,PASS
 HSDPA,2,5.10A ACLR@10MHz;Beta C/D=11/15,9263,-86.0,None,-42.2,dBm,-50.59,PASS
 HSDPA,2,5.2AA Max Output Power;Beta C/D=15/8,9263,-86.0,19.3,25.7,dBm,24.55,PASS
 HSDPA,2,5.10A ACLR@-10MHz;Beta C/D=15/8,9263,-86.0,None,-42.2,dBm,-57.92,PASS
 HSDPA,2,5.10A ACLR@-5MHz;Beta C/D=15/8,9263,-86.0,None,-32.2,dBm,-43.70,PASS
 HSDPA,2,5.10A ACLR@5MHz;Beta C/D=15/8,9263,-86.0,None,-32.2,dBm,-43.66,PASS
 HSDPA,2,5.10A ACLR@10MHz;Beta C/D=15/8,9263,-86.0,None,-42.2,dBm,-51.23,PASS
 HSDPA,2,5.2AA Max Output Power;Beta C/D=15/4,9263,-86.0,18.3,25.7,dBm,24.04,PASS
 HSDPA,2,5.10A ACLR@-10MHz;Beta C/D=15/4,9263,-86.0,None,-42.2,dBm,-57.31,PASS
 HSDPA,2,5.10A ACLR@-5MHz;Beta C/D=15/4,9263,-86.0,None,-32.2,dBm,-43.58,PASS
 HSDPA,2,5.10A ACLR@5MHz;Beta C/D=15/4,9263,-86.0,None,-32.2,dBm,-43.47,PASS
 HSDPA,2,5.10A ACLR@10MHz;Beta C/D=15/4,9263,-86.0,None,-42.2,dBm,-51.94,PASS
 HSDPA,2,5.2AA Max Output Power;Beta C/D=2/15,9400,-86.0,20.3,25.7,dBm,25.05,PASS
 HSDPA,2,5.10A ACLR@-10MHz;Beta C/D=2/15,9400,-86.0,None,-42.2,dBm,-56.34,PASS
 HSDPA,2,5.10A ACLR@-5MHz;Beta C/D=2/15,9400,-86.0,None,-32.2,dBm,-45.91,PASS
 HSDPA,2,5.10A ACLR@5MHz;Beta C/D=2/15,9400,-86.0,None,-32.2,dBm,-45.14,PASS
 HSDPA,2,5.10A ACLR@10MHz;Beta C/D=2/15,9400,-86.0,None,-42.2,dBm,-51.99,PASS
 HSDPA,2,5.2AA Max Output Power;Beta C/D=11/15,9400,-86.0,20.3,25.7,dBm,24.93,PASS
 HSDPA,2,5.10A ACLR@-10MHz;Beta C/D=11/15,9400,-86.0,None,-42.2,dBm,-56.74,PASS
 HSDPA,2,5.10A ACLR@-5MHz;Beta C/D=11/15,9400,-86.0,None,-32.2,dBm,-45.97,PASS
 HSDPA,2,5.10A ACLR@5MHz;Beta C/D=11/15,9400,-86.0,None,-32.2,dBm,-46.01,PASS
 HSDPA,2,5.10A ACLR@10MHz;Beta C/D=11/15,9400,-86.0,None,-42.2,dBm,-52.48,PASS
 HSDPA,2,5.2AA Max Output Power;Beta C/D=15/8,9400,-86.0,19.3,25.7,dBm,24.49,PASS
 HSDPA,2,5.10A ACLR@-10MHz;Beta C/D=15/8,9400,-86.0,None,-42.2,dBm,-55.48,PASS
 HSDPA,2,5.10A ACLR@-5MHz;Beta C/D=15/8,9400,-86.0,None,-32.2,dBm,-45.80,PASS
 HSDPA,2,5.10A ACLR@5MHz;Beta C/D=15/8,9400,-86.0,None,-32.2,dBm,-47.72,PASS
 HSDPA,2,5.10A ACLR@10MHz;Beta C/D=15/8,9400,-86.0,None,-42.2,dBm,-53.86,PASS
 HSDPA,2,5.2AA Max Output Power;Beta C/D=15/4,9400,-86.0,18.3,25.7,dBm,24.05,PASS
 HSDPA,2,5.10A ACLR@-10MHz;Beta C/D=15/4,9400,-86.0,None,-42.2,dBm,-55.22,PASS
 HSDPA,2,5.10A ACLR@-5MHz;Beta C/D=15/4,9400,-86.0,None,-32.2,dBm,-46.42,PASS
 HSDPA,2,5.10A ACLR@5MHz;Beta C/D=15/4,9400,-86.0,None,-32.2,dBm,-47.79,PASS
 HSDPA,2,5.10A ACLR@10MHz;Beta C/D=15/4,9400,-86.0,None,-42.2,dBm,-54.49,PASS
 HSDPA,2,5.2AA Max Output Power;Beta C/D=2/15,9537,-86.0,20.3,25.7,dBm,25.14,PASS
 HSDPA,2,5.10A ACLR@-10MHz;Beta C/D=2/15,9537,-86.0,None,-42.2,dBm,-54.96,PASS
 HSDPA,2,5.10A ACLR@-5MHz;Beta C/D=2/15,9537,-86.0,None,-32.2,dBm,-43.50,PASS
 HSDPA,2,5.10A ACLR@5MHz;Beta C/D=2/15,9537,-86.0,None,-32.2,dBm,-43.25,PASS
 HSDPA,2,5.10A ACLR@10MHz;Beta C/D=2/15,9537,-86.0,None,-42.2,dBm,-52.83,PASS
 HSDPA,2,5.2AA Max Output Power;Beta C/D=11/15,9537,-86.0,20.3,25.7,dBm,25.03,PASS
 HSDPA,2,5.10A ACLR@-10MHz;Beta C/D=11/15,9537,-86.0,None,-42.2,dBm,-56.06,PASS
 HSDPA,2,5.10A ACLR@-5MHz;Beta C/D=11/15,9537,-86.0,None,-32.2,dBm,-43.70,PASS
 HSDPA,2,5.10A ACLR@5MHz;Beta C/D=11/15,9537,-86.0,None,-32.2,dBm,-44.63,PASS
 HSDPA,2,5.10A ACLR@10MHz;Beta C/D=11/15,9537,-86.0,None,-42.2,dBm,-52.60,PASS
 HSDPA,2,5.2AA Max Output Power;Beta C/D=15/8,9537,-86.0,19.3,25.7,dBm,24.59,PASS
 HSDPA,2,5.10A ACLR@-10MHz;Beta C/D=15/8,9537,-86.0,None,-42.2,dBm,-55.93,PASS
 HSDPA,2,5.10A ACLR@-5MHz;Beta C/D=15/8,9537,-86.0,None,-32.2,dBm,-43.76,PASS
 HSDPA,2,5.10A ACLR@5MHz;Beta C/D=15/8,9537,-86.0,None,-32.2,dBm,-45.91,PASS
 HSDPA,2,5.10A ACLR@10MHz;Beta C/D=15/8,9537,-86.0,None,-42.2,dBm,-52.92,PASS
 HSDPA,2,5.2AA Max Output Power;Beta C/D=15/4,9537,-86.0,18.3,25.7,dBm,24.07,PASS
 HSDPA,2,5.10A ACLR@-10MHz;Beta C/D=15/4,9537,-86.0,None,-42.2,dBm,-56.58,PASS
 HSDPA,2,5.10A ACLR@-5MHz;Beta C/D=15/4,9537,-86.0,None,-32.2,dBm,-44.02,PASS
 HSDPA,2,5.10A ACLR@5MHz;Beta C/D=15/4,9537,-86.0,None,-32.2,dBm,-45.81,PASS
 HSDPA,2,5.10A ACLR@10MHz;Beta C/D=15/4,9537,-86.0,None,-42.2,dBm,-53.38,PASS
 HSDPA,4,5.2AA Max Output Power;Beta C/D=2/15,1313,-86.0,20.3,25.7,dBm,25.17,PASS
 HSDPA,4,5.10A ACLR@-10MHz;Beta C/D=2/15,1313,-86.0,None,-42.2,dBm,-60.38,PASS
 HSDPA,4,5.10A ACLR@-5MHz;Beta C/D=2/15,1313,-86.0,None,-32.2,dBm,-43.61,PASS
 HSDPA,4,5.10A ACLR@5MHz;Beta C/D=2/15,1313,-86.0,None,-32.2,dBm,-43.03,PASS
 HSDPA,4,5.10A ACLR@10MHz;Beta C/D=2/15,1313,-86.0,None,-42.2,dBm,-53.91,PASS
 HSDPA,4,5.2AA Max Output Power;Beta C/D=11/15,1313,-86.0,20.3,25.7,dBm,25.10,PASS
 HSDPA,4,5.10A ACLR@-10MHz;Beta C/D=11/15,1313,-86.0,None,-42.2,dBm,-60.09,PASS
 HSDPA,4,5.10A ACLR@-5MHz;Beta C/D=11/15,1313,-86.0,None,-32.2,dBm,-43.81,PASS
 HSDPA,4,5.10A ACLR@5MHz;Beta C/D=11/15,1313,-86.0,None,-32.2,dBm,-43.55,PASS
 HSDPA,4,5.10A ACLR@10MHz;Beta C/D=11/15,1313,-86.0,None,-42.2,dBm,-53.92,PASS
 HSDPA,4,5.2AA Max Output Power;Beta C/D=15/8,1313,-86.0,19.3,25.7,dBm,24.66,PASS
 HSDPA,4,5.10A ACLR@-10MHz;Beta C/D=15/8,1313,-86.0,None,-42.2,dBm,-58.02,PASS
 HSDPA,4,5.10A ACLR@-5MHz;Beta C/D=15/8,1313,-86.0,None,-32.2,dBm,-44.99,PASS
 HSDPA,4,5.10A ACLR@5MHz;Beta C/D=15/8,1313,-86.0,None,-32.2,dBm,-45.80,PASS
 HSDPA,4,5.10A ACLR@10MHz;Beta C/D=15/8,1313,-86.0,None,-42.2,dBm,-54.17,PASS
 HSDPA,4,5.2AA Max Output Power;Beta C/D=15/4,1313,-86.0,18.3,25.7,dBm,24.70,PASS
 HSDPA,4,5.10A ACLR@-10MHz;Beta C/D=15/4,1313,-86.0,None,-42.2,dBm,-57.72,PASS
 HSDPA,4,5.10A ACLR@-5MHz;Beta C/D=15/4,1313,-86.0,None,-32.2,dBm,-44.88,PASS
 HSDPA,4,5.10A ACLR@5MHz;Beta C/D=15/4,1313,-86.0,None,-32.2,dBm,-45.87,PASS
 HSDPA,4,5.10A ACLR@10MHz;Beta C/D=15/4,1313,-86.0,None,-42.2,dBm,-54.17,PASS
 HSDPA,4,5.2AA Max Output Power;Beta C/D=2/15,1450,-86.0,20.3,25.7,dBm,25.12,PASS
 HSDPA,4,5.10A ACLR@-10MHz;Beta C/D=2/15,1450,-86.0,None,-42.2,dBm,-58.82,PASS
 HSDPA,4,5.10A ACLR@-5MHz;Beta C/D=2/15,1450,-86.0,None,-32.2,dBm,-46.11,PASS
 HSDPA,4,5.10A ACLR@5MHz;Beta C/D=2/15,1450,-86.0,None,-32.2,dBm,-44.20,PASS
 HSDPA,4,5.10A ACLR@10MHz;Beta C/D=2/15,1450,-86.0,None,-42.2,dBm,-53.99,PASS
 HSDPA,4,5.2AA Max Output Power;Beta C/D=11/15,1450,-86.0,20.3,25.7,dBm,25.01,PASS
 HSDPA,4,5.10A ACLR@-10MHz;Beta C/D=11/15,1450,-86.0,None,-42.2,dBm,-58.60,PASS
 HSDPA,4,5.10A ACLR@-5MHz;Beta C/D=11/15,1450,-86.0,None,-32.2,dBm,-45.87,PASS
 HSDPA,4,5.10A ACLR@5MHz;Beta C/D=11/15,1450,-86.0,None,-32.2,dBm,-44.45,PASS
 HSDPA,4,5.10A ACLR@10MHz;Beta C/D=11/15,1450,-86.0,None,-42.2,dBm,-54.33,PASS
 HSDPA,4,5.2AA Max Output Power;Beta C/D=15/8,1450,-86.0,19.3,25.7,dBm,24.60,PASS
 HSDPA,4,5.10A ACLR@-10MHz;Beta C/D=15/8,1450,-86.0,None,-42.2,dBm,-56.76,PASS
 HSDPA,4,5.10A ACLR@-5MHz;Beta C/D=15/8,1450,-86.0,None,-32.2,dBm,-45.78,PASS
 HSDPA,4,5.10A ACLR@5MHz;Beta C/D=15/8,1450,-86.0,None,-32.2,dBm,-47.03,PASS
 HSDPA,4,5.10A ACLR@10MHz;Beta C/D=15/8,1450,-86.0,None,-42.2,dBm,-55.25,PASS
 HSDPA,4,5.2AA Max Output Power;Beta C/D=15/4,1450,-86.0,18.3,25.7,dBm,24.55,PASS
 HSDPA,4,5.10A ACLR@-10MHz;Beta C/D=15/4,1450,-86.0,None,-42.2,dBm,-56.34,PASS
 HSDPA,4,5.10A ACLR@-5MHz;Beta C/D=15/4,1450,-86.0,None,-32.2,dBm,-45.37,PASS
 HSDPA,4,5.10A ACLR@5MHz;Beta C/D=15/4,1450,-86.0,None,-32.2,dBm,-46.94,PASS
 HSDPA,4,5.10A ACLR@10MHz;Beta C/D=15/4,1450,-86.0,None,-42.2,dBm,-54.99,PASS
 HSDPA,4,5.2AA Max Output Power;Beta C/D=2/15,1512,-86.0,20.3,25.7,dBm,25.02,PASS
 HSDPA,4,5.10A ACLR@-10MHz;Beta C/D=2/15,1512,-86.0,None,-42.2,dBm,-58.23,PASS
 HSDPA,4,5.10A ACLR@-5MHz;Beta C/D=2/15,1512,-86.0,None,-32.2,dBm,-41.75,PASS
 HSDPA,4,5.10A ACLR@5MHz;Beta C/D=2/15,1512,-86.0,None,-32.2,dBm,-41.23,PASS
 HSDPA,4,5.10A ACLR@10MHz;Beta C/D=2/15,1512,-86.0,None,-42.2,dBm,-53.67,PASS
 HSDPA,4,5.2AA Max Output Power;Beta C/D=11/15,1512,-86.0,20.3,25.7,dBm,24.95,PASS
 HSDPA,4,5.10A ACLR@-10MHz;Beta C/D=11/15,1512,-86.0,None,-42.2,dBm,-58.06,PASS
 HSDPA,4,5.10A ACLR@-5MHz;Beta C/D=11/15,1512,-86.0,None,-32.2,dBm,-41.84,PASS
 HSDPA,4,5.10A ACLR@5MHz;Beta C/D=11/15,1512,-86.0,None,-32.2,dBm,-41.54,PASS
 HSDPA,4,5.10A ACLR@10MHz;Beta C/D=11/15,1512,-86.0,None,-42.2,dBm,-53.95,PASS
 HSDPA,4,5.2AA Max Output Power;Beta C/D=15/8,1512,-86.0,19.3,25.7,dBm,24.50,PASS
 HSDPA,4,5.10A ACLR@-10MHz;Beta C/D=15/8,1512,-86.0,None,-42.2,dBm,-56.58,PASS
 HSDPA,4,5.10A ACLR@-5MHz;Beta C/D=15/8,1512,-86.0,None,-32.2,dBm,-43.15,PASS
 HSDPA,4,5.10A ACLR@5MHz;Beta C/D=15/8,1512,-86.0,None,-32.2,dBm,-43.60,PASS
 HSDPA,4,5.10A ACLR@10MHz;Beta C/D=15/8,1512,-86.0,None,-42.2,dBm,-54.81,PASS
 HSDPA,4,5.2AA Max Output Power;Beta C/D=15/4,1512,-86.0,18.3,25.7,dBm,24.54,PASS
 HSDPA,4,5.10A ACLR@-10MHz;Beta C/D=15/4,1512,-86.0,None,-42.2,dBm,-56.35,PASS
 HSDPA,4,5.10A ACLR@-5MHz;Beta C/D=15/4,1512,-86.0,None,-32.2,dBm,-43.16,PASS
 HSDPA,4,5.10A ACLR@5MHz;Beta C/D=15/4,1512,-86.0,None,-32.2,dBm,-43.52,PASS
 HSDPA,4,5.10A ACLR@10MHz;Beta C/D=15/4,1512,-86.0,None,-42.2,dBm,-54.81,PASS

System3 name:   HSUPA SYSTEM MEASUREMENT
 System,Band,Test Item,Ch,Cell Power,Lower,Upper,Unit,Result,Judgement
 HSUPA,1,5.2B MaxPower;Sub-Test2,9613,-86.0,16.8,25.7,dBm,22.37,PASS,E-TFCI == 67
 HSUPA,1,5.10B ACLR@-10MHz;Sub-Test2,9613,-86.0,None,-42.2,dB,-55.78,PASS
 HSUPA,1,5.10B ACLR@-5MHz;Sub-Test2,9613,-86.0,None,-32.2,dB,-44.56,PASS
 HSUPA,1,5.10B ACLR@5MHz;Sub-Test2,9613,-86.0,None,-32.2,dB,-44.38,PASS
 HSUPA,1,5.10B ACLR@10MHz;Sub-Test2,9613,-86.0,None,-42.2,dB,-51.72,PASS
 HSUPA,1,5.2B MaxPower;Sub-Test2,9750,-86.0,16.8,25.7,dBm,22.32,PASS,E-TFCI == 67
 HSUPA,1,5.10B ACLR@-10MHz;Sub-Test2,9750,-86.0,None,-42.2,dB,-54.77,PASS
 HSUPA,1,5.10B ACLR@-5MHz;Sub-Test2,9750,-86.0,None,-32.2,dB,-45.65,PASS
 HSUPA,1,5.10B ACLR@5MHz;Sub-Test2,9750,-86.0,None,-32.2,dB,-46.54,PASS
 HSUPA,1,5.10B ACLR@10MHz;Sub-Test2,9750,-86.0,None,-42.2,dB,-53.01,PASS
 HSUPA,1,5.2B MaxPower;Sub-Test2,9887,-86.0,16.8,25.7,dBm,22.54,PASS,E-TFCI == 67
 HSUPA,1,5.10B ACLR@-10MHz;Sub-Test2,9887,-86.0,None,-42.2,dB,-56.09,PASS
 HSUPA,1,5.10B ACLR@-5MHz;Sub-Test2,9887,-86.0,None,-32.2,dB,-44.86,PASS
 HSUPA,1,5.10B ACLR@5MHz;Sub-Test2,9887,-86.0,None,-32.2,dB,-45.15,PASS
 HSUPA,1,5.10B ACLR@10MHz;Sub-Test2,9887,-86.0,None,-42.2,dB,-51.23,PASS
 HSUPA,2,5.2B MaxPower;Sub-Test2,9263,-86.0,16.8,25.7,dBm,21.86,PASS,E-TFCI == 67
 HSUPA,2,5.10B ACLR@-10MHz;Sub-Test2,9263,-86.0,None,-42.2,dB,-58.67,PASS
 HSUPA,2,5.10B ACLR@-5MHz;Sub-Test2,9263,-86.0,None,-32.2,dB,-36.90,PASS
 HSUPA,2,5.10B ACLR@5MHz;Sub-Test2,9263,-86.0,None,-32.2,dB,-37.04,PASS
 HSUPA,2,5.10B ACLR@10MHz;Sub-Test2,9263,-86.0,None,-42.2,dB,-48.18,PASS
 HSUPA,2,5.2B MaxPower;Sub-Test2,9400,-86.0,16.8,25.7,dBm,21.83,PASS,E-TFCI == 67
 HSUPA,2,5.10B ACLR@-10MHz;Sub-Test2,9400,-86.0,None,-42.2,dB,-55.72,PASS
 HSUPA,2,5.10B ACLR@-5MHz;Sub-Test2,9400,-86.0,None,-32.2,dB,-42.34,PASS
 HSUPA,2,5.10B ACLR@5MHz;Sub-Test2,9400,-86.0,None,-32.2,dB,-43.79,PASS
 HSUPA,2,5.10B ACLR@10MHz;Sub-Test2,9400,-86.0,None,-42.2,dB,-52.09,PASS
 HSUPA,2,5.2B MaxPower;Sub-Test2,9537,-86.0,16.8,25.7,dBm,21.94,PASS,E-TFCI == 67
 HSUPA,2,5.10B ACLR@-10MHz;Sub-Test2,9537,-86.0,None,-42.2,dB,-57.37,PASS
!HSUPA,2,5.10B ACLR@-5MHz;Sub-Test2,9537,-86.0,None,-32.2,dB,-31.67,FAIL
!HSUPA,2,5.10B ACLR@5MHz;Sub-Test2,9537,-86.0,None,-32.2,dB,-32.18,FAIL
 HSUPA,2,5.10B ACLR@10MHz;Sub-Test2,9537,-86.0,None,-42.2,dB,-50.41,PASS
 HSUPA,4,5.2B MaxPower;Sub-Test2,1313,-86.0,16.8,25.7,dBm,21.98,PASS,E-TFCI == 67
 HSUPA,4,5.10B ACLR@-10MHz;Sub-Test2,1313,-86.0,None,-42.2,dB,-55.06,PASS
 HSUPA,4,5.10B ACLR@-5MHz;Sub-Test2,1313,-86.0,None,-32.2,dB,-40.50,PASS
 HSUPA,4,5.10B ACLR@5MHz;Sub-Test2,1313,-86.0,None,-32.2,dB,-40.16,PASS
 HSUPA,4,5.10B ACLR@10MHz;Sub-Test2,1313,-86.0,None,-42.2,dB,-52.64,PASS
 HSUPA,4,5.2B MaxPower;Sub-Test2,1450,-86.0,16.8,25.7,dBm,21.89,PASS,E-TFCI == 67
 HSUPA,4,5.10B ACLR@-10MHz;Sub-Test2,1450,-86.0,None,-42.2,dB,-54.51,PASS
 HSUPA,4,5.10B ACLR@-5MHz;Sub-Test2,1450,-86.0,None,-32.2,dB,-42.24,PASS
 HSUPA,4,5.10B ACLR@5MHz;Sub-Test2,1450,-86.0,None,-32.2,dB,-41.78,PASS
 HSUPA,4,5.10B ACLR@10MHz;Sub-Test2,1450,-86.0,None,-42.2,dB,-53.76,PASS
 HSUPA,4,5.2B MaxPower;Sub-Test2,1512,-86.0,16.8,25.7,dBm,21.81,PASS,E-TFCI == 67
 HSUPA,4,5.10B ACLR@-10MHz;Sub-Test2,1512,-86.0,None,-42.2,dB,-55.03,PASS
 HSUPA,4,5.10B ACLR@-5MHz;Sub-Test2,1512,-86.0,None,-32.2,dB,-41.59,PASS
 HSUPA,4,5.10B ACLR@5MHz;Sub-Test2,1512,-86.0,None,-32.2,dB,-39.60,PASS
 HSUPA,4,5.10B ACLR@10MHz;Sub-Test2,1512,-86.0,None,-42.2,dB,-53.04,PASS

